{"v":"5.9.4","fr":30,"ip":0,"op":150,"w":512,"h":512,"nm":"API","ddd":0,"assets":[{"id":"comp_0","nm":"Dots","fr":30,"layers":[{"ddd":0,"ind":6,"ty":4,"nm":"Dot 5","sr":1,"ks":{"o":{"a":0,"k":100,"ix":11},"r":{"a":0,"k":0,"ix":10},"p":{"a":1,"k":[{"i":{"x":0.667,"y":1},"o":{"x":0.333,"y":0},"t":20,"s":[261.75,430,0],"to":[0,0,0],"ti":[0,12.5,0]},{"i":{"x":0.667,"y":1},"o":{"x":0.333,"y":0},"t":27.448,"s":[261.75,397.5,0],"to":[0,-11,0],"ti":[0,9,0]},{"i":{"x":0.667,"y":1},"o":{"x":0.333,"y":0},"t":31.316,"s":[242.5,377,0],"to":[0,-9,0],"ti":[0,0,0]},{"t":40,"s":[242.5,335.25,0]}],"ix":2,"l":2},"a":{"a":0,"k":[261.385,429.053,0],"ix":1,"l":2},"s":{"a":0,"k":[100,100,100],"ix":6,"l":2}},"ao":0,"shapes":[{"ty":"gr","it":[{"ind":0,"ty":"sh","ix":1,"ks":{"a":0,"k":{"i":[[1.272,2.335],[-1.298,0],[0,4.142],[0.579,1.065],[0,-2.846],[4.142,0]],"o":[[1.064,0.579],[4.142,0],[0,-1.296],[2.336,1.271],[0,4.142],[-2.846,0]],"v":[[-7.031,3.094],[-3.469,4.031],[4.031,-3.469],[3.094,-7.031],[7.031,-0.469],[-0.469,7.031]],"c":true},"ix":2},"nm":"Path 1","mn":"ADBE Vector Shape - Group","hd":false},{"ty":"fl","c":{"a":0,"k":[1,0.662745118141,0.101960785687,1],"ix":4},"o":{"a":0,"k":100,"ix":5},"r":1,"bm":0,"nm":"Fill 1","mn":"ADBE Vector Graphic - Fill","hd":false},{"ty":"tr","p":{"a":0,"k":[261.854,429.522],"ix":2},"a":{"a":0,"k":[0,0],"ix":1},"s":{"a":0,"k":[100,100],"ix":3},"r":{"a":0,"k":0,"ix":6},"o":{"a":0,"k":100,"ix":7},"sk":{"a":0,"k":0,"ix":4},"sa":{"a":0,"k":0,"ix":5},"nm":"Transform"}],"nm":"Group 1","np":2,"cix":2,"bm":0,"ix":1,"mn":"ADBE Vector Group","hd":false},{"ty":"gr","it":[{"d":1,"ty":"el","s":{"a":0,"k":[15,15],"ix":2},"p":{"a":0,"k":[0,0],"ix":3},"nm":"Ellipse Path 1","mn":"ADBE Vector Shape - Ellipse","hd":false},{"ty":"fl","c":{"a":0,"k":[1,0.78823530674,0.113725490868,1],"ix":4},"o":{"a":0,"k":100,"ix":5},"r":1,"bm":0,"nm":"Fill 1","mn":"ADBE Vector Graphic - Fill","hd":false},{"ty":"tr","p":{"a":0,"k":[261.385,429.053],"ix":2},"a":{"a":0,"k":[0,0],"ix":1},"s":{"a":0,"k":[100,100],"ix":3},"r":{"a":0,"k":0,"ix":6},"o":{"a":0,"k":100,"ix":7},"sk":{"a":0,"k":0,"ix":4},"sa":{"a":0,"k":0,"ix":5},"nm":"Transform"}],"nm":"Group 2","np":2,"cix":2,"bm":0,"ix":2,"mn":"ADBE Vector Group","hd":false}],"ip":20,"op":41,"st":20,"ct":1,"bm":0},{"ddd":0,"ind":7,"ty":4,"nm":"Dot 4","sr":1,"ks":{"o":{"a":0,"k":100,"ix":11},"r":{"a":0,"k":0,"ix":10},"p":{"a":1,"k":[{"i":{"x":0.667,"y":1},"o":{"x":0.333,"y":0},"t":15,"s":[231.25,416.75,0],"to":[0,0,0],"ti":[0,9,0]},{"i":{"x":0.667,"y":1},"o":{"x":0.333,"y":0},"t":21.563,"s":[231.25,394.75,0],"to":[0,-7.75,0],"ti":[0,5.75,0]},{"i":{"x":0.667,"y":1},"o":{"x":0.333,"y":0},"t":24.936,"s":[218.188,379.25,0],"to":[0,-5.75,0],"ti":[0,0,0]},{"t":35,"s":[218.188,335.25,0]}],"ix":2,"l":2},"a":{"a":0,"k":[231.218,416.793,0],"ix":1,"l":2},"s":{"a":0,"k":[100,100,100],"ix":6,"l":2}},"ao":0,"shapes":[{"ty":"gr","it":[{"ind":0,"ty":"sh","ix":1,"ks":{"a":0,"k":{"i":[[1.271,2.336],[-1.298,0],[0,4.142],[0.579,1.065],[0,-2.846],[4.142,0]],"o":[[1.064,0.579],[4.142,0],[0,-1.296],[2.335,1.271],[0,4.142],[-2.847,0.002]],"v":[[-7.031,3.094],[-3.469,4.031],[4.031,-3.469],[3.094,-7.031],[7.031,-0.469],[-0.469,7.031]],"c":true},"ix":2},"nm":"Path 1","mn":"ADBE Vector Shape - Group","hd":false},{"ty":"fl","c":{"a":0,"k":[1,0.662745118141,0.101960785687,1],"ix":4},"o":{"a":0,"k":100,"ix":5},"r":1,"bm":0,"nm":"Fill 1","mn":"ADBE Vector Graphic - Fill","hd":false},{"ty":"tr","p":{"a":0,"k":[231.687,417.26],"ix":2},"a":{"a":0,"k":[0,0],"ix":1},"s":{"a":0,"k":[100,100],"ix":3},"r":{"a":0,"k":0,"ix":6},"o":{"a":0,"k":100,"ix":7},"sk":{"a":0,"k":0,"ix":4},"sa":{"a":0,"k":0,"ix":5},"nm":"Transform"}],"nm":"Group 1","np":2,"cix":2,"bm":0,"ix":1,"mn":"ADBE Vector Group","hd":false},{"ty":"gr","it":[{"d":1,"ty":"el","s":{"a":0,"k":[15,15],"ix":2},"p":{"a":0,"k":[0,0],"ix":3},"nm":"Ellipse Path 1","mn":"ADBE Vector Shape - Ellipse","hd":false},{"ty":"fl","c":{"a":0,"k":[1,0.78823530674,0.113725490868,1],"ix":4},"o":{"a":0,"k":100,"ix":5},"r":1,"bm":0,"nm":"Fill 1","mn":"ADBE Vector Graphic - Fill","hd":false},{"ty":"tr","p":{"a":0,"k":[231.217,416.793],"ix":2},"a":{"a":0,"k":[0,0],"ix":1},"s":{"a":0,"k":[100,100],"ix":3},"r":{"a":0,"k":0,"ix":6},"o":{"a":0,"k":100,"ix":7},"sk":{"a":0,"k":0,"ix":4},"sa":{"a":0,"k":0,"ix":5},"nm":"Transform"}],"nm":"Group 2","np":2,"cix":2,"bm":0,"ix":2,"mn":"ADBE Vector Group","hd":false}],"ip":15,"op":36,"st":15,"ct":1,"bm":0},{"ddd":0,"ind":8,"ty":4,"nm":"Dot 3","sr":1,"ks":{"o":{"a":0,"k":100,"ix":11},"r":{"a":0,"k":0,"ix":10},"p":{"a":1,"k":[{"i":{"x":0.667,"y":1},"o":{"x":0.333,"y":0},"t":10,"s":[128,428.5,0],"to":[0,0,0],"ti":[0,4.5,0]},{"i":{"x":0.667,"y":1},"o":{"x":0.333,"y":0},"t":17.459,"s":[128,396.5,0],"to":[0,-7.125,0],"ti":[0,5.625,0]},{"i":{"x":0.667,"y":1},"o":{"x":0.333,"y":0},"t":21.252,"s":[147.5,376.75,0],"to":[0,-3.625,0],"ti":[0,0,0]},{"t":30,"s":[147.5,335.25,0]}],"ix":2,"l":2},"a":{"a":0,"k":[128.24,429.053,0],"ix":1,"l":2},"s":{"a":0,"k":[100,100,100],"ix":6,"l":2}},"ao":0,"shapes":[{"ty":"gr","it":[{"ind":0,"ty":"sh","ix":1,"ks":{"a":0,"k":{"i":[[1.271,2.335],[-1.298,0],[0,4.142],[0.579,1.065],[0,-2.846],[4.142,0]],"o":[[1.064,0.579],[4.142,0],[0,-1.296],[2.335,1.271],[0,4.142],[-2.847,0]],"v":[[-7.031,3.094],[-3.469,4.031],[4.031,-3.469],[3.094,-7.031],[7.031,-0.469],[-0.469,7.031]],"c":true},"ix":2},"nm":"Path 1","mn":"ADBE Vector Shape - Group","hd":false},{"ty":"fl","c":{"a":0,"k":[1,0.662745118141,0.101960785687,1],"ix":4},"o":{"a":0,"k":100,"ix":5},"r":1,"bm":0,"nm":"Fill 1","mn":"ADBE Vector Graphic - Fill","hd":false},{"ty":"tr","p":{"a":0,"k":[128.709,429.522],"ix":2},"a":{"a":0,"k":[0,0],"ix":1},"s":{"a":0,"k":[100,100],"ix":3},"r":{"a":0,"k":0,"ix":6},"o":{"a":0,"k":100,"ix":7},"sk":{"a":0,"k":0,"ix":4},"sa":{"a":0,"k":0,"ix":5},"nm":"Transform"}],"nm":"Group 1","np":2,"cix":2,"bm":0,"ix":1,"mn":"ADBE Vector Group","hd":false},{"ty":"gr","it":[{"d":1,"ty":"el","s":{"a":0,"k":[15,15],"ix":2},"p":{"a":0,"k":[0,0],"ix":3},"nm":"Ellipse Path 1","mn":"ADBE Vector Shape - Ellipse","hd":false},{"ty":"fl","c":{"a":0,"k":[1,0.78823530674,0.113725490868,1],"ix":4},"o":{"a":0,"k":100,"ix":5},"r":1,"bm":0,"nm":"Fill 1","mn":"ADBE Vector Graphic - Fill","hd":false},{"ty":"tr","p":{"a":0,"k":[128.239,429.053],"ix":2},"a":{"a":0,"k":[0,0],"ix":1},"s":{"a":0,"k":[100,100],"ix":3},"r":{"a":0,"k":0,"ix":6},"o":{"a":0,"k":100,"ix":7},"sk":{"a":0,"k":0,"ix":4},"sa":{"a":0,"k":0,"ix":5},"nm":"Transform"}],"nm":"Group 2","np":2,"cix":2,"bm":0,"ix":2,"mn":"ADBE Vector Group","hd":false}],"ip":10,"op":31,"st":10,"ct":1,"bm":0},{"ddd":0,"ind":9,"ty":4,"nm":"Dot 2","sr":1,"ks":{"o":{"a":0,"k":100,"ix":11},"r":{"a":0,"k":0,"ix":10},"p":{"a":1,"k":[{"i":{"x":0.667,"y":1},"o":{"x":0.333,"y":0},"t":5,"s":[158.75,416.25,0],"to":[0,0,0],"ti":[0,7.25,0]},{"i":{"x":0.667,"y":1},"o":{"x":0.333,"y":0},"t":11.373,"s":[158.75,395.5,0],"to":[0,-8.75,0],"ti":[0,5.75,0]},{"i":{"x":0.667,"y":1},"o":{"x":0.333,"y":0},"t":14.884,"s":[171.25,378.75,0],"to":[0,-5.75,0],"ti":[0,0,0]},{"t":25,"s":[171.25,334.75,0]}],"ix":2,"l":2},"a":{"a":0,"k":[158.407,416.793,0],"ix":1,"l":2},"s":{"a":0,"k":[100,100,100],"ix":6,"l":2}},"ao":0,"shapes":[{"ty":"gr","it":[{"ind":0,"ty":"sh","ix":1,"ks":{"a":0,"k":{"i":[[1.272,2.336],[-1.298,0],[0,4.142],[0.579,1.065],[0,-2.846],[4.142,0]],"o":[[1.064,0.579],[4.142,0],[0,-1.296],[2.335,1.271],[0,4.142],[-2.846,0.002]],"v":[[-7.031,3.094],[-3.469,4.031],[4.031,-3.469],[3.094,-7.031],[7.031,-0.469],[-0.469,7.031]],"c":true},"ix":2},"nm":"Path 1","mn":"ADBE Vector Shape - Group","hd":false},{"ty":"fl","c":{"a":0,"k":[1,0.662745118141,0.101960785687,1],"ix":4},"o":{"a":0,"k":100,"ix":5},"r":1,"bm":0,"nm":"Fill 1","mn":"ADBE Vector Graphic - Fill","hd":false},{"ty":"tr","p":{"a":0,"k":[158.876,417.26],"ix":2},"a":{"a":0,"k":[0,0],"ix":1},"s":{"a":0,"k":[100,100],"ix":3},"r":{"a":0,"k":0,"ix":6},"o":{"a":0,"k":100,"ix":7},"sk":{"a":0,"k":0,"ix":4},"sa":{"a":0,"k":0,"ix":5},"nm":"Transform"}],"nm":"Group 1","np":2,"cix":2,"bm":0,"ix":1,"mn":"ADBE Vector Group","hd":false},{"ty":"gr","it":[{"d":1,"ty":"el","s":{"a":0,"k":[15,15],"ix":2},"p":{"a":0,"k":[0,0],"ix":3},"nm":"Ellipse Path 1","mn":"ADBE Vector Shape - Ellipse","hd":false},{"ty":"fl","c":{"a":0,"k":[1,0.78823530674,0.113725490868,1],"ix":4},"o":{"a":0,"k":100,"ix":5},"r":1,"bm":0,"nm":"Fill 1","mn":"ADBE Vector Graphic - Fill","hd":false},{"ty":"tr","p":{"a":0,"k":[158.407,416.793],"ix":2},"a":{"a":0,"k":[0,0],"ix":1},"s":{"a":0,"k":[100,100],"ix":3},"r":{"a":0,"k":0,"ix":6},"o":{"a":0,"k":100,"ix":7},"sk":{"a":0,"k":0,"ix":4},"sa":{"a":0,"k":0,"ix":5},"nm":"Transform"}],"nm":"Group 2","np":2,"cix":2,"bm":0,"ix":2,"mn":"ADBE Vector Group","hd":false}],"ip":5,"op":26,"st":5,"ct":1,"bm":0},{"ddd":0,"ind":10,"ty":4,"nm":"Dot","sr":1,"ks":{"o":{"a":0,"k":100,"ix":11},"r":{"a":0,"k":0,"ix":10},"p":{"a":1,"k":[{"i":{"x":0.667,"y":1},"o":{"x":0.333,"y":0},"t":0,"s":[194.75,403.25,0],"to":[0,0,0],"ti":[0,0,0]},{"t":20,"s":[194.75,335.5,0]}],"ix":2,"l":2},"a":{"a":0,"k":[194.728,402.771,0],"ix":1,"l":2},"s":{"a":0,"k":[100,100,100],"ix":6,"l":2}},"ao":0,"shapes":[{"ty":"gr","it":[{"ind":0,"ty":"sh","ix":1,"ks":{"a":0,"k":{"i":[[1.271,2.334],[-1.298,0],[0,4.142],[0.579,1.065],[0,-2.846],[4.142,0]],"o":[[1.064,0.579],[4.142,0],[0,-1.296],[2.335,1.271],[0,4.142],[-2.846,0]],"v":[[-7.031,3.094],[-3.469,4.031],[4.031,-3.469],[3.094,-7.031],[7.031,-0.469],[-0.469,7.031]],"c":true},"ix":2},"nm":"Path 1","mn":"ADBE Vector Shape - Group","hd":false},{"ty":"fl","c":{"a":0,"k":[1,0.662745118141,0.101960785687,1],"ix":4},"o":{"a":0,"k":100,"ix":5},"r":1,"bm":0,"nm":"Fill 1","mn":"ADBE Vector Graphic - Fill","hd":false},{"ty":"tr","p":{"a":0,"k":[195.197,403.239],"ix":2},"a":{"a":0,"k":[0,0],"ix":1},"s":{"a":0,"k":[100,100],"ix":3},"r":{"a":0,"k":0,"ix":6},"o":{"a":0,"k":100,"ix":7},"sk":{"a":0,"k":0,"ix":4},"sa":{"a":0,"k":0,"ix":5},"nm":"Transform"}],"nm":"Group 1","np":2,"cix":2,"bm":0,"ix":1,"mn":"ADBE Vector Group","hd":false},{"ty":"gr","it":[{"d":1,"ty":"el","s":{"a":0,"k":[15,15],"ix":2},"p":{"a":0,"k":[0,0],"ix":3},"nm":"Ellipse Path 1","mn":"ADBE Vector Shape - Ellipse","hd":false},{"ty":"fl","c":{"a":0,"k":[1,0.78823530674,0.113725490868,1],"ix":4},"o":{"a":0,"k":100,"ix":5},"r":1,"bm":0,"nm":"Fill 1","mn":"ADBE Vector Graphic - Fill","hd":false},{"ty":"tr","p":{"a":0,"k":[194.728,402.771],"ix":2},"a":{"a":0,"k":[0,0],"ix":1},"s":{"a":0,"k":[100,100],"ix":3},"r":{"a":0,"k":0,"ix":6},"o":{"a":0,"k":100,"ix":7},"sk":{"a":0,"k":0,"ix":4},"sa":{"a":0,"k":0,"ix":5},"nm":"Transform"}],"nm":"Group 2","np":2,"cix":2,"bm":0,"ix":2,"mn":"ADBE Vector Group","hd":false}],"ip":0,"op":21,"st":0,"ct":1,"bm":0}]}],"layers":[{"ddd":0,"ind":1,"ty":4,"nm":"Setting","sr":1,"ks":{"o":{"a":0,"k":100,"ix":11},"r":{"a":1,"k":[{"i":{"x":[0.833],"y":[0.833]},"o":{"x":[0.167],"y":[0.167]},"t":0,"s":[0]},{"t":150,"s":[360]}],"ix":10},"p":{"a":0,"k":[337.046,295.716,0],"ix":2,"l":2},"a":{"a":0,"k":[337.046,295.716,0],"ix":1,"l":2},"s":{"a":0,"k":[100,100,100],"ix":6,"l":2}},"ao":0,"shapes":[{"ty":"gr","it":[{"ind":0,"ty":"sh","ix":1,"ks":{"a":0,"k":{"i":[[9.198,6.938],[0,-8.583],[20.993,0],[6.361,4.799],[-12.408,0],[0,20.993]],"o":[[4.799,6.363],[0,20.991],[-8.583,0],[6.938,9.198],[20.991,0],[0,-12.408]],"v":[[19.04,-34.185],[26.685,-11.324],[-11.324,26.685],[-34.185,19.04],[-3.824,34.185],[34.185,-3.824]],"c":true},"ix":2},"nm":"Path 1","mn":"ADBE Vector Shape - Group","hd":false},{"ty":"fl","c":{"a":0,"k":[1,0.662745118141,0.101960785687,1],"ix":4},"o":{"a":0,"k":100,"ix":5},"r":1,"bm":0,"nm":"Fill 1","mn":"ADBE Vector Graphic - Fill","hd":false},{"ty":"tr","p":{"a":0,"k":[340.87,299.539],"ix":2},"a":{"a":0,"k":[0,0],"ix":1},"s":{"a":0,"k":[100,100],"ix":3},"r":{"a":0,"k":0,"ix":6},"o":{"a":0,"k":100,"ix":7},"sk":{"a":0,"k":0,"ix":4},"sa":{"a":0,"k":0,"ix":5},"nm":"Transform"}],"nm":"Group 4","np":2,"cix":2,"bm":0,"ix":4,"mn":"ADBE Vector Group","hd":false},{"ty":"gr","it":[{"d":1,"ty":"el","s":{"a":0,"k":[76.017,76.017],"ix":2},"p":{"a":0,"k":[0,0],"ix":3},"nm":"Ellipse Path 1","mn":"ADBE Vector Shape - Ellipse","hd":false},{"ty":"fl","c":{"a":0,"k":[1,0.78823530674,0.113725490868,1],"ix":4},"o":{"a":0,"k":100,"ix":5},"r":1,"bm":0,"nm":"Fill 1","mn":"ADBE Vector Graphic - Fill","hd":false},{"ty":"tr","p":{"a":0,"k":[337.048,295.717],"ix":2},"a":{"a":0,"k":[0,0],"ix":1},"s":{"a":0,"k":[100,100],"ix":3},"r":{"a":0,"k":0,"ix":6},"o":{"a":0,"k":100,"ix":7},"sk":{"a":0,"k":0,"ix":4},"sa":{"a":0,"k":0,"ix":5},"nm":"Transform"}],"nm":"Group 5","np":2,"cix":2,"bm":0,"ix":5,"mn":"ADBE Vector Group","hd":false},{"ty":"gr","it":[{"d":1,"ty":"el","s":{"a":0,"k":[76.017,76.017],"ix":2},"p":{"a":0,"k":[0,0],"ix":3},"nm":"Ellipse Path 1","mn":"ADBE Vector Shape - Ellipse","hd":false},{"ind":1,"ty":"sh","ix":2,"ks":{"a":0,"k":{"i":[[0,2.565],[0,0],[2.565,0],[0,0],[4.514,6.814],[0,0],[1.814,1.815],[0,0],[1.815,-1.814],[0,0],[8.289,1.683],[0,0],[2.565,0],[0,0],[0,-2.565],[0,0],[6.814,-4.513],[0,0],[1.815,-1.814],[0,0],[-1.814,-1.815],[0,0],[1.683,-8.289],[0,0],[0,-2.565],[0,0],[-2.565,0],[0,0],[-4.514,-6.815],[0,0],[-1.814,-1.815],[0,0],[-1.815,1.814],[0,0],[-8.289,-1.683],[0,0],[-2.565,0],[0,0],[0,2.565],[0,0],[-6.815,4.514],[0,0],[-1.815,1.814],[0,0],[1.814,1.815],[0,0],[-1.683,8.289],[0,0]],"o":[[0,0],[0,-2.565],[0,0],[-1.683,-8.289],[0,0],[1.814,-1.814],[0,0],[-1.814,-1.814],[0,0],[-6.815,-4.514],[0,0],[0,-2.565],[0,0],[-2.565,0],[0,0],[-8.289,1.683],[0,0],[-1.814,-1.814],[0,0],[-1.814,1.814],[0,0],[-4.514,6.814],[0,0],[-2.565,0],[0,0],[0,2.565],[0,0],[1.683,8.289],[0,0],[-1.814,1.814],[0,0],[1.814,1.814],[0,0],[6.814,4.514],[0,0],[0,2.565],[0,0],[2.565,0],[0,0],[8.289,-1.683],[0,0],[1.814,1.814],[0,0],[1.814,-1.814],[0,0],[4.514,-6.815],[0,0],[2.565,0]],"v":[[79.502,8.341],[79.502,-8.341],[74.857,-12.986],[63.631,-12.986],[54.166,-35.8],[62.114,-43.748],[62.114,-50.318],[50.318,-62.114],[43.748,-62.114],[35.8,-54.166],[12.986,-63.631],[12.986,-74.857],[8.341,-79.502],[-8.341,-79.502],[-12.986,-74.857],[-12.986,-63.631],[-35.8,-54.166],[-43.748,-62.114],[-50.318,-62.114],[-62.114,-50.318],[-62.114,-43.748],[-54.166,-35.8],[-63.631,-12.986],[-74.857,-12.986],[-79.502,-8.341],[-79.502,8.341],[-74.857,12.986],[-63.631,12.986],[-54.166,35.8],[-62.114,43.748],[-62.114,50.318],[-50.318,62.114],[-43.748,62.114],[-35.8,54.166],[-12.986,63.631],[-12.986,74.857],[-8.341,79.502],[8.341,79.502],[12.986,74.857],[12.986,63.631],[35.8,54.166],[43.748,62.114],[50.318,62.114],[62.114,50.318],[62.114,43.748],[54.166,35.8],[63.631,12.986],[74.857,12.986]],"c":true},"ix":2},"nm":"Path 1","mn":"ADBE Vector Shape - Group","hd":false},{"ty":"fl","c":{"a":0,"k":[0.537254929543,0.227450981736,0.866666674614,1],"ix":4},"o":{"a":0,"k":100,"ix":5},"r":1,"bm":0,"nm":"Fill 1","mn":"ADBE Vector Graphic - Fill","hd":false},{"ty":"tr","p":{"a":0,"k":[337.046,295.716],"ix":2},"a":{"a":0,"k":[0,0],"ix":1},"s":{"a":0,"k":[100,100],"ix":3},"r":{"a":0,"k":0,"ix":6},"o":{"a":0,"k":100,"ix":7},"sk":{"a":0,"k":0,"ix":4},"sa":{"a":0,"k":0,"ix":5},"nm":"Transform"}],"nm":"Group 6","np":3,"cix":2,"bm":0,"ix":6,"mn":"ADBE Vector Group","hd":false}],"ip":0,"op":300,"st":0,"ct":1,"bm":0},{"ddd":0,"ind":2,"ty":4,"nm":"API","sr":1,"ks":{"o":{"a":0,"k":100,"ix":11},"r":{"a":0,"k":0,"ix":10},"p":{"a":0,"k":[194.812,209.092,0],"ix":2,"l":2},"a":{"a":0,"k":[194.812,209.092,0],"ix":1,"l":2},"s":{"a":0,"k":[100,100,100],"ix":6,"l":2}},"ao":0,"shapes":[{"ty":"gr","it":[{"ind":0,"ty":"sh","ix":1,"ks":{"a":0,"k":{"i":[[5.952,0],[0,0],[0,0],[0,0],[0,-5.951]],"o":[[0,0],[0,0],[0,0],[5.952,0],[0,5.951]],"v":[[5.517,-11.275],[-16.311,-11.275],[-16.311,-32.862],[5.517,-32.862],[16.311,-22.07]],"c":true},"ix":2},"nm":"Path 1","mn":"ADBE Vector Shape - Group","hd":false},{"ind":1,"ty":"sh","ix":2,"ks":{"a":0,"k":{"i":[[9.261,0],[0,0],[0,-1.656],[0,0],[-1.656,0],[0,1.656],[0,0],[0,0],[0,9.259]],"o":[[0,0],[-1.656,0],[0,0],[0,1.656],[1.656,0],[0,0],[0,0],[9.261,0],[0,-9.259]],"v":[[5.517,-38.862],[-19.311,-38.862],[-22.311,-35.862],[-22.311,35.862],[-19.311,38.862],[-16.311,35.862],[-16.311,-5.275],[5.517,-5.275],[22.311,-22.068]],"c":true},"ix":2},"nm":"Path 2","mn":"ADBE Vector Shape - Group","hd":false},{"ty":"fl","c":{"a":0,"k":[0.423529416323,0.168627455831,0.75686275959,1],"ix":4},"o":{"a":0,"k":100,"ix":5},"r":1,"bm":0,"nm":"Fill 1","mn":"ADBE Vector Graphic - Fill","hd":false},{"ty":"tr","p":{"a":0,"k":[208.544,204.442],"ix":2},"a":{"a":0,"k":[0,0],"ix":1},"s":{"a":0,"k":[100,100],"ix":3},"r":{"a":0,"k":0,"ix":6},"o":{"a":0,"k":100,"ix":7},"sk":{"a":0,"k":0,"ix":4},"sa":{"a":0,"k":0,"ix":5},"nm":"Transform"}],"nm":"Group 1","np":3,"cix":2,"bm":0,"ix":1,"mn":"ADBE Vector Group","hd":false},{"ty":"gr","it":[{"ind":0,"ty":"sh","ix":1,"ks":{"a":0,"k":{"i":[[1.658,0],[0,0],[0,0],[0,0],[0,1.656],[1.656,0],[0,0],[0,-1.656],[-1.656,0],[0,0],[0,0],[0,0],[0,-1.656],[-1.656,0],[0,0],[0,1.656]],"o":[[0,0],[0,0],[0,0],[1.656,0],[0,-1.656],[0,0],[-1.656,0],[0,1.656],[0,0],[0,0],[0,0],[-1.656,0],[0,1.656],[0,0],[1.656,0],[0,-1.656]],"v":[[8.275,32.862],[2.998,32.862],[2.998,-32.862],[8.275,-32.862],[11.275,-35.862],[8.275,-38.862],[-8.275,-38.862],[-11.275,-35.862],[-8.275,-32.862],[-3,-32.862],[-3,32.862],[-8.275,32.862],[-11.275,35.862],[-8.275,38.862],[8.275,38.862],[11.275,35.862]],"c":true},"ix":2},"nm":"Path 1","mn":"ADBE Vector Shape - Group","hd":false},{"ty":"fl","c":{"a":0,"k":[0.423529416323,0.168627455831,0.75686275959,1],"ix":4},"o":{"a":0,"k":100,"ix":5},"r":1,"bm":0,"nm":"Fill 1","mn":"ADBE Vector Graphic - Fill","hd":false},{"ty":"tr","p":{"a":0,"k":[247.287,204.442],"ix":2},"a":{"a":0,"k":[0,0],"ix":1},"s":{"a":0,"k":[100,100],"ix":3},"r":{"a":0,"k":0,"ix":6},"o":{"a":0,"k":100,"ix":7},"sk":{"a":0,"k":0,"ix":4},"sa":{"a":0,"k":0,"ix":5},"nm":"Transform"}],"nm":"Group 2","np":2,"cix":2,"bm":0,"ix":2,"mn":"ADBE Vector Group","hd":false},{"ty":"gr","it":[{"ind":0,"ty":"sh","ix":1,"ks":{"a":0,"k":{"i":[[0,0],[0,0],[0,0]],"o":[[0,0],[0,0],[0,0]],"v":[[-7.967,5.277],[0.003,-24.321],[7.971,5.277]],"c":true},"ix":2},"nm":"Path 1","mn":"ADBE Vector Shape - Group","hd":false},{"ind":1,"ty":"sh","ix":2,"ks":{"a":0,"k":{"i":[[0,0],[1.357,0],[0.354,-1.31],[0,0],[-1.6,-0.43],[-0.43,1.599],[0,0],[0,0],[0,0],[-1.325,0],[-0.261,0.07],[0.43,1.6]],"o":[[-0.353,-1.31],[-1.357,0],[0,0],[-0.43,1.599],[1.604,0.432],[0,0],[0,0],[0,0],[0.36,1.339],[0.258,0],[1.601,-0.431],[0,0]],"v":[[2.899,-36.642],[0.001,-38.862],[-2.896,-36.642],[-22.208,35.082],[-20.09,38.758],[-16.413,36.642],[-9.584,11.275],[9.583,11.275],[16.411,36.642],[19.308,38.862],[20.09,38.758],[22.208,35.082]],"c":true},"ix":2},"nm":"Path 2","mn":"ADBE Vector Shape - Group","hd":false},{"ty":"fl","c":{"a":0,"k":[0.423529416323,0.168627455831,0.75686275959,1],"ix":4},"o":{"a":0,"k":100,"ix":5},"r":1,"bm":0,"nm":"Fill 1","mn":"ADBE Vector Graphic - Fill","hd":false},{"ty":"tr","p":{"a":0,"k":[153.372,204.442],"ix":2},"a":{"a":0,"k":[0,0],"ix":1},"s":{"a":0,"k":[100,100],"ix":3},"r":{"a":0,"k":0,"ix":6},"o":{"a":0,"k":100,"ix":7},"sk":{"a":0,"k":0,"ix":4},"sa":{"a":0,"k":0,"ix":5},"nm":"Transform"}],"nm":"Group 3","np":3,"cix":2,"bm":0,"ix":3,"mn":"ADBE Vector Group","hd":false},{"ty":"gr","it":[{"ind":0,"ty":"sh","ix":1,"ks":{"a":0,"k":{"i":[[0,8.285],[0,0],[0,0],[0,0]],"o":[[0,0],[0,0],[0,0],[-8.286,0.001]],"v":[[-28.216,13.21],[-28.216,-28.21],[28.216,28.202],[-13.213,28.21]],"c":true},"ix":2},"nm":"Path 1","mn":"ADBE Vector Shape - Group","hd":false},{"ty":"fl","c":{"a":0,"k":[0.819607853889,0.827450990677,0.831372559071,1],"ix":4},"o":{"a":0,"k":100,"ix":5},"r":1,"bm":0,"nm":"Fill 1","mn":"ADBE Vector Graphic - Fill","hd":false},{"ty":"tr","p":{"a":0,"k":[265.956,103.656],"ix":2},"a":{"a":0,"k":[0,0],"ix":1},"s":{"a":0,"k":[100,100],"ix":3},"r":{"a":0,"k":0,"ix":6},"o":{"a":0,"k":100,"ix":7},"sk":{"a":0,"k":0,"ix":4},"sa":{"a":0,"k":0,"ix":5},"nm":"Transform"}],"nm":"Group 4","np":2,"cix":2,"bm":0,"ix":4,"mn":"ADBE Vector Group","hd":false},{"ty":"gr","it":[{"ind":0,"ty":"sh","ix":1,"ks":{"a":0,"k":{"i":[[0,0],[0,0],[0,0],[8.285,0],[0,0],[1.883,0.851],[-6.085,0],[0,0],[0,8.285],[0,0]],"o":[[0,0],[0,0],[0,8.285],[0,0],[-2.199,0],[2.354,5.206],[0,0],[8.285,0],[0,0],[0,0]],"v":[[98.693,-105.439],[91.193,-105.438],[91.193,82.939],[76.193,97.939],[-92.527,97.939],[-98.693,96.605],[-85.027,105.439],[83.693,105.439],[98.693,90.439],[98.693,-105.439]],"c":true},"ix":2},"nm":"Path 1","mn":"ADBE Vector Shape - Group","hd":false},{"ty":"fl","c":{"a":0,"k":[0.819607853889,0.827450990677,0.831372559071,1],"ix":4},"o":{"a":0,"k":100,"ix":5},"r":1,"bm":0,"nm":"Fill 1","mn":"ADBE Vector Graphic - Fill","hd":false},{"ty":"tr","p":{"a":0,"k":[195.479,237.298],"ix":2},"a":{"a":0,"k":[0,0],"ix":1},"s":{"a":0,"k":[100,100],"ix":3},"r":{"a":0,"k":0,"ix":6},"o":{"a":0,"k":100,"ix":7},"sk":{"a":0,"k":0,"ix":4},"sa":{"a":0,"k":0,"ix":5},"nm":"Transform"}],"nm":"Group 5","np":2,"cix":2,"bm":0,"ix":5,"mn":"ADBE Vector Group","hd":false},{"ty":"gr","it":[{"ind":0,"ty":"sh","ix":1,"ks":{"a":0,"k":{"i":[[0,0],[0,0],[0,0],[8.285,0],[0,0],[-8.285,0],[0,0],[0,8.285],[0,0]],"o":[[0,0],[0,0],[0,8.285],[0,0],[0,8.285],[0,0],[8.285,0],[0,0],[0,0]],"v":[[99.36,-105.439],[84.36,-105.437],[84.36,75.439],[69.36,90.439],[-99.36,90.439],[-84.36,105.439],[84.36,105.439],[99.36,90.439],[99.36,-105.439]],"c":true},"ix":2},"nm":"Path 1","mn":"ADBE Vector Shape - Group","hd":false},{"ty":"fl","c":{"a":0,"k":[0.901960790157,0.905882358551,0.909803926945,1],"ix":4},"o":{"a":0,"k":100,"ix":5},"r":1,"bm":0,"nm":"Fill 1","mn":"ADBE Vector Graphic - Fill","hd":false},{"ty":"tr","p":{"a":0,"k":[194.812,237.298],"ix":2},"a":{"a":0,"k":[0,0],"ix":1},"s":{"a":0,"k":[100,100],"ix":3},"r":{"a":0,"k":0,"ix":6},"o":{"a":0,"k":100,"ix":7},"sk":{"a":0,"k":0,"ix":4},"sa":{"a":0,"k":0,"ix":5},"nm":"Transform"}],"nm":"Group 6","np":2,"cix":2,"bm":0,"ix":6,"mn":"ADBE Vector Group","hd":false},{"ty":"gr","it":[{"ind":0,"ty":"sh","ix":1,"ks":{"a":0,"k":{"i":[[1.656,0],[0,1.656],[0,0],[-1.656,0],[0,-1.656],[0,0]],"o":[[-1.656,0],[0,0],[0,-1.656],[1.656,0],[0,0],[0,1.658]],"v":[[0,-50.137],[-3,-53.137],[-3,-53.363],[0,-56.363],[3,-53.363],[3,-53.137]],"c":true},"ix":2},"nm":"Path 1","mn":"ADBE Vector Shape - Group","hd":false},{"ind":1,"ty":"sh","ix":2,"ks":{"a":0,"k":{"i":[[1.656,0],[0,1.656],[0,0],[-1.656,0],[0,-1.656],[0,0]],"o":[[-1.656,0],[0,0],[0,-1.656],[1.656,0],[0,0],[0,1.658]],"v":[[0,56.363],[-3,53.363],[-3,-41.137],[0,-44.137],[3,-41.137],[3,53.363]],"c":true},"ix":2},"nm":"Path 2","mn":"ADBE Vector Shape - Group","hd":false},{"ty":"fl","c":{"a":0,"k":[1,1,1,1],"ix":4},"o":{"a":0,"k":100,"ix":5},"r":1,"bm":0,"nm":"Fill 1","mn":"ADBE Vector Graphic - Fill","hd":false},{"ty":"tr","p":{"a":0,"k":[104.452,151.079],"ix":2},"a":{"a":0,"k":[0,0],"ix":1},"s":{"a":0,"k":[100,100],"ix":3},"r":{"a":0,"k":0,"ix":6},"o":{"a":0,"k":100,"ix":7},"sk":{"a":0,"k":0,"ix":4},"sa":{"a":0,"k":0,"ix":5},"nm":"Transform"}],"nm":"Group 7","np":3,"cix":2,"bm":0,"ix":7,"mn":"ADBE Vector Group","hd":false},{"ty":"gr","it":[{"ind":0,"ty":"sh","ix":1,"ks":{"a":0,"k":{"i":[[0,0],[0,0],[0,-8.285],[0,0],[-8.285,0],[0,0],[0,8.285],[0,0]],"o":[[0,0],[-8.285,0],[0,0],[0,8.285],[0,0],[8.285,0],[0,0],[0,0]],"v":[[42.929,-133.645],[-84.36,-133.645],[-99.36,-118.645],[-99.36,118.645],[-84.36,133.645],[84.36,133.645],[99.36,118.645],[99.36,-77.234]],"c":true},"ix":2},"nm":"Path 1","mn":"ADBE Vector Shape - Group","hd":false},{"ty":"fl","c":{"a":0,"k":[0.945098042488,0.949019610882,0.949019610882,1],"ix":4},"o":{"a":0,"k":100,"ix":5},"r":1,"bm":0,"nm":"Fill 1","mn":"ADBE Vector Graphic - Fill","hd":false},{"ty":"tr","p":{"a":0,"k":[194.812,209.092],"ix":2},"a":{"a":0,"k":[0,0],"ix":1},"s":{"a":0,"k":[100,100],"ix":3},"r":{"a":0,"k":0,"ix":6},"o":{"a":0,"k":100,"ix":7},"sk":{"a":0,"k":0,"ix":4},"sa":{"a":0,"k":0,"ix":5},"nm":"Transform"}],"nm":"Group 8","np":2,"cix":2,"bm":0,"ix":8,"mn":"ADBE Vector Group","hd":false}],"ip":0,"op":300,"st":0,"ct":1,"bm":0},{"ddd":0,"ind":3,"ty":0,"nm":"Dots","refId":"comp_0","sr":1,"ks":{"o":{"a":0,"k":100,"ix":11},"r":{"a":0,"k":0,"ix":10},"p":{"a":0,"k":[256,256,0],"ix":2,"l":2},"a":{"a":0,"k":[256,256,0],"ix":1,"l":2},"s":{"a":0,"k":[100,100,100],"ix":6,"l":2}},"ao":0,"w":512,"h":512,"ip":82,"op":164,"st":82,"bm":0},{"ddd":0,"ind":4,"ty":0,"nm":"Dots","refId":"comp_0","sr":1,"ks":{"o":{"a":0,"k":100,"ix":11},"r":{"a":0,"k":0,"ix":10},"p":{"a":0,"k":[256,256,0],"ix":2,"l":2},"a":{"a":0,"k":[256,256,0],"ix":1,"l":2},"s":{"a":0,"k":[100,100,100],"ix":6,"l":2}},"ao":0,"w":512,"h":512,"ip":0,"op":82,"st":0,"bm":0},{"ddd":0,"ind":5,"ty":4,"nm":"Dot 10 :M","sr":1,"ks":{"o":{"a":0,"k":100,"ix":11},"r":{"a":0,"k":0,"ix":10},"p":{"a":0,"k":[194.812,415.912,0],"ix":2,"l":2},"a":{"a":0,"k":[194.812,415.912,0],"ix":1,"l":2},"s":{"a":0,"k":[100,100,100],"ix":6,"l":2}},"ao":0,"shapes":[{"ty":"gr","it":[{"ty":"gr","it":[{"ind":0,"ty":"sh","ix":1,"ks":{"a":0,"k":{"i":[[1.272,2.335],[-1.298,0],[0,4.142],[0.579,1.065],[0,-2.846],[4.142,0]],"o":[[1.064,0.579],[4.142,0],[0,-1.296],[2.336,1.271],[0,4.142],[-2.846,0]],"v":[[-7.031,3.094],[-3.469,4.031],[4.031,-3.469],[3.094,-7.031],[7.031,-0.469],[-0.469,7.031]],"c":true},"ix":2},"nm":"Path 1","mn":"ADBE Vector Shape - Group","hd":false},{"ty":"fl","c":{"a":0,"k":[1,0.662745118141,0.101960785687,1],"ix":4},"o":{"a":0,"k":100,"ix":5},"r":1,"bm":0,"nm":"Fill 1","mn":"ADBE Vector Graphic - Fill","hd":false},{"ty":"tr","p":{"a":0,"k":[261.854,429.522],"ix":2},"a":{"a":0,"k":[0,0],"ix":1},"s":{"a":0,"k":[100,100],"ix":3},"r":{"a":0,"k":0,"ix":6},"o":{"a":0,"k":100,"ix":7},"sk":{"a":0,"k":0,"ix":4},"sa":{"a":0,"k":0,"ix":5},"nm":"Transform"}],"nm":"Group 1","np":2,"cix":2,"bm":0,"ix":1,"mn":"ADBE Vector Group","hd":false},{"ty":"gr","it":[{"d":1,"ty":"el","s":{"a":0,"k":[15,15],"ix":2},"p":{"a":0,"k":[0,0],"ix":3},"nm":"Ellipse Path 1","mn":"ADBE Vector Shape - Ellipse","hd":false},{"ty":"fl","c":{"a":0,"k":[1,0.78823530674,0.113725490868,1],"ix":4},"o":{"a":0,"k":100,"ix":5},"r":1,"bm":0,"nm":"Fill 1","mn":"ADBE Vector Graphic - Fill","hd":false},{"ty":"tr","p":{"a":0,"k":[261.385,429.053],"ix":2},"a":{"a":0,"k":[0,0],"ix":1},"s":{"a":0,"k":[100,100],"ix":3},"r":{"a":0,"k":0,"ix":6},"o":{"a":0,"k":100,"ix":7},"sk":{"a":0,"k":0,"ix":4},"sa":{"a":0,"k":0,"ix":5},"nm":"Transform"}],"nm":"Group 2","np":2,"cix":2,"bm":0,"ix":2,"mn":"ADBE Vector Group","hd":false},{"ty":"tr","p":{"a":0,"k":[261.385,429.053],"ix":2},"a":{"a":0,"k":[261.385,429.053],"ix":1},"s":{"a":0,"k":[100,100],"ix":3},"r":{"a":0,"k":0,"ix":6},"o":{"a":0,"k":100,"ix":7},"sk":{"a":0,"k":0,"ix":4},"sa":{"a":0,"k":0,"ix":5},"nm":"Transform"}],"nm":"Dot 110","np":2,"cix":2,"bm":0,"ix":1,"mn":"ADBE Vector Group","hd":false},{"ty":"gr","it":[{"ty":"gr","it":[{"ind":0,"ty":"sh","ix":1,"ks":{"a":0,"k":{"i":[[1.271,2.336],[-1.298,0],[0,4.142],[0.579,1.065],[0,-2.846],[4.142,0]],"o":[[1.064,0.579],[4.142,0],[0,-1.296],[2.335,1.271],[0,4.142],[-2.847,0.002]],"v":[[-7.031,3.094],[-3.469,4.031],[4.031,-3.469],[3.094,-7.031],[7.031,-0.469],[-0.469,7.031]],"c":true},"ix":2},"nm":"Path 1","mn":"ADBE Vector Shape - Group","hd":false},{"ty":"fl","c":{"a":0,"k":[1,0.662745118141,0.101960785687,1],"ix":4},"o":{"a":0,"k":100,"ix":5},"r":1,"bm":0,"nm":"Fill 1","mn":"ADBE Vector Graphic - Fill","hd":false},{"ty":"tr","p":{"a":0,"k":[231.687,417.26],"ix":2},"a":{"a":0,"k":[0,0],"ix":1},"s":{"a":0,"k":[100,100],"ix":3},"r":{"a":0,"k":0,"ix":6},"o":{"a":0,"k":100,"ix":7},"sk":{"a":0,"k":0,"ix":4},"sa":{"a":0,"k":0,"ix":5},"nm":"Transform"}],"nm":"Group 1","np":2,"cix":2,"bm":0,"ix":1,"mn":"ADBE Vector Group","hd":false},{"ty":"gr","it":[{"d":1,"ty":"el","s":{"a":0,"k":[15,15],"ix":2},"p":{"a":0,"k":[0,0],"ix":3},"nm":"Ellipse Path 1","mn":"ADBE Vector Shape - Ellipse","hd":false},{"ty":"fl","c":{"a":0,"k":[1,0.78823530674,0.113725490868,1],"ix":4},"o":{"a":0,"k":100,"ix":5},"r":1,"bm":0,"nm":"Fill 1","mn":"ADBE Vector Graphic - Fill","hd":false},{"ty":"tr","p":{"a":0,"k":[231.217,416.793],"ix":2},"a":{"a":0,"k":[0,0],"ix":1},"s":{"a":0,"k":[100,100],"ix":3},"r":{"a":0,"k":0,"ix":6},"o":{"a":0,"k":100,"ix":7},"sk":{"a":0,"k":0,"ix":4},"sa":{"a":0,"k":0,"ix":5},"nm":"Transform"}],"nm":"Group 2","np":2,"cix":2,"bm":0,"ix":2,"mn":"ADBE Vector Group","hd":false},{"ty":"tr","p":{"a":0,"k":[231.218,416.793],"ix":2},"a":{"a":0,"k":[231.218,416.793],"ix":1},"s":{"a":0,"k":[100,100],"ix":3},"r":{"a":0,"k":0,"ix":6},"o":{"a":0,"k":100,"ix":7},"sk":{"a":0,"k":0,"ix":4},"sa":{"a":0,"k":0,"ix":5},"nm":"Transform"}],"nm":"Dot 9","np":2,"cix":2,"bm":0,"ix":2,"mn":"ADBE Vector Group","hd":false},{"ty":"gr","it":[{"ty":"gr","it":[{"ind":0,"ty":"sh","ix":1,"ks":{"a":0,"k":{"i":[[1.271,2.335],[-1.298,0],[0,4.142],[0.579,1.065],[0,-2.846],[4.142,0]],"o":[[1.064,0.579],[4.142,0],[0,-1.296],[2.335,1.271],[0,4.142],[-2.847,0]],"v":[[-7.031,3.094],[-3.469,4.031],[4.031,-3.469],[3.094,-7.031],[7.031,-0.469],[-0.469,7.031]],"c":true},"ix":2},"nm":"Path 1","mn":"ADBE Vector Shape - Group","hd":false},{"ty":"fl","c":{"a":0,"k":[1,0.662745118141,0.101960785687,1],"ix":4},"o":{"a":0,"k":100,"ix":5},"r":1,"bm":0,"nm":"Fill 1","mn":"ADBE Vector Graphic - Fill","hd":false},{"ty":"tr","p":{"a":0,"k":[128.709,429.522],"ix":2},"a":{"a":0,"k":[0,0],"ix":1},"s":{"a":0,"k":[100,100],"ix":3},"r":{"a":0,"k":0,"ix":6},"o":{"a":0,"k":100,"ix":7},"sk":{"a":0,"k":0,"ix":4},"sa":{"a":0,"k":0,"ix":5},"nm":"Transform"}],"nm":"Group 1","np":2,"cix":2,"bm":0,"ix":1,"mn":"ADBE Vector Group","hd":false},{"ty":"gr","it":[{"d":1,"ty":"el","s":{"a":0,"k":[15,15],"ix":2},"p":{"a":0,"k":[0,0],"ix":3},"nm":"Ellipse Path 1","mn":"ADBE Vector Shape - Ellipse","hd":false},{"ty":"fl","c":{"a":0,"k":[1,0.78823530674,0.113725490868,1],"ix":4},"o":{"a":0,"k":100,"ix":5},"r":1,"bm":0,"nm":"Fill 1","mn":"ADBE Vector Graphic - Fill","hd":false},{"ty":"tr","p":{"a":0,"k":[128.239,429.053],"ix":2},"a":{"a":0,"k":[0,0],"ix":1},"s":{"a":0,"k":[100,100],"ix":3},"r":{"a":0,"k":0,"ix":6},"o":{"a":0,"k":100,"ix":7},"sk":{"a":0,"k":0,"ix":4},"sa":{"a":0,"k":0,"ix":5},"nm":"Transform"}],"nm":"Group 2","np":2,"cix":2,"bm":0,"ix":2,"mn":"ADBE Vector Group","hd":false},{"ty":"tr","p":{"a":0,"k":[128.24,429.053],"ix":2},"a":{"a":0,"k":[128.24,429.053],"ix":1},"s":{"a":0,"k":[100,100],"ix":3},"r":{"a":0,"k":0,"ix":6},"o":{"a":0,"k":100,"ix":7},"sk":{"a":0,"k":0,"ix":4},"sa":{"a":0,"k":0,"ix":5},"nm":"Transform"}],"nm":"Dot 8","np":2,"cix":2,"bm":0,"ix":3,"mn":"ADBE Vector Group","hd":false},{"ty":"gr","it":[{"ty":"gr","it":[{"ind":0,"ty":"sh","ix":1,"ks":{"a":0,"k":{"i":[[1.272,2.336],[-1.298,0],[0,4.142],[0.579,1.065],[0,-2.846],[4.142,0]],"o":[[1.064,0.579],[4.142,0],[0,-1.296],[2.335,1.271],[0,4.142],[-2.846,0.002]],"v":[[-7.031,3.094],[-3.469,4.031],[4.031,-3.469],[3.094,-7.031],[7.031,-0.469],[-0.469,7.031]],"c":true},"ix":2},"nm":"Path 1","mn":"ADBE Vector Shape - Group","hd":false},{"ty":"fl","c":{"a":0,"k":[1,0.662745118141,0.101960785687,1],"ix":4},"o":{"a":0,"k":100,"ix":5},"r":1,"bm":0,"nm":"Fill 1","mn":"ADBE Vector Graphic - Fill","hd":false},{"ty":"tr","p":{"a":0,"k":[158.876,417.26],"ix":2},"a":{"a":0,"k":[0,0],"ix":1},"s":{"a":0,"k":[100,100],"ix":3},"r":{"a":0,"k":0,"ix":6},"o":{"a":0,"k":100,"ix":7},"sk":{"a":0,"k":0,"ix":4},"sa":{"a":0,"k":0,"ix":5},"nm":"Transform"}],"nm":"Group 1","np":2,"cix":2,"bm":0,"ix":1,"mn":"ADBE Vector Group","hd":false},{"ty":"gr","it":[{"d":1,"ty":"el","s":{"a":0,"k":[15,15],"ix":2},"p":{"a":0,"k":[0,0],"ix":3},"nm":"Ellipse Path 1","mn":"ADBE Vector Shape - Ellipse","hd":false},{"ty":"fl","c":{"a":0,"k":[1,0.78823530674,0.113725490868,1],"ix":4},"o":{"a":0,"k":100,"ix":5},"r":1,"bm":0,"nm":"Fill 1","mn":"ADBE Vector Graphic - Fill","hd":false},{"ty":"tr","p":{"a":0,"k":[158.407,416.793],"ix":2},"a":{"a":0,"k":[0,0],"ix":1},"s":{"a":0,"k":[100,100],"ix":3},"r":{"a":0,"k":0,"ix":6},"o":{"a":0,"k":100,"ix":7},"sk":{"a":0,"k":0,"ix":4},"sa":{"a":0,"k":0,"ix":5},"nm":"Transform"}],"nm":"Group 2","np":2,"cix":2,"bm":0,"ix":2,"mn":"ADBE Vector Group","hd":false},{"ty":"tr","p":{"a":0,"k":[158.407,416.793],"ix":2},"a":{"a":0,"k":[158.407,416.793],"ix":1},"s":{"a":0,"k":[100,100],"ix":3},"r":{"a":0,"k":0,"ix":6},"o":{"a":0,"k":100,"ix":7},"sk":{"a":0,"k":0,"ix":4},"sa":{"a":0,"k":0,"ix":5},"nm":"Transform"}],"nm":"Dot 7","np":2,"cix":2,"bm":0,"ix":4,"mn":"ADBE Vector Group","hd":false},{"ty":"gr","it":[{"ty":"gr","it":[{"ind":0,"ty":"sh","ix":1,"ks":{"a":0,"k":{"i":[[1.271,2.334],[-1.298,0],[0,4.142],[0.579,1.065],[0,-2.846],[4.142,0]],"o":[[1.064,0.579],[4.142,0],[0,-1.296],[2.335,1.271],[0,4.142],[-2.846,0]],"v":[[-7.031,3.094],[-3.469,4.031],[4.031,-3.469],[3.094,-7.031],[7.031,-0.469],[-0.469,7.031]],"c":true},"ix":2},"nm":"Path 1","mn":"ADBE Vector Shape - Group","hd":false},{"ty":"fl","c":{"a":0,"k":[1,0.662745118141,0.101960785687,1],"ix":4},"o":{"a":0,"k":100,"ix":5},"r":1,"bm":0,"nm":"Fill 1","mn":"ADBE Vector Graphic - Fill","hd":false},{"ty":"tr","p":{"a":0,"k":[195.197,403.239],"ix":2},"a":{"a":0,"k":[0,0],"ix":1},"s":{"a":0,"k":[100,100],"ix":3},"r":{"a":0,"k":0,"ix":6},"o":{"a":0,"k":100,"ix":7},"sk":{"a":0,"k":0,"ix":4},"sa":{"a":0,"k":0,"ix":5},"nm":"Transform"}],"nm":"Group 1","np":2,"cix":2,"bm":0,"ix":1,"mn":"ADBE Vector Group","hd":false},{"ty":"gr","it":[{"d":1,"ty":"el","s":{"a":0,"k":[15,15],"ix":2},"p":{"a":0,"k":[0,0],"ix":3},"nm":"Ellipse Path 1","mn":"ADBE Vector Shape - Ellipse","hd":false},{"ty":"fl","c":{"a":0,"k":[1,0.78823530674,0.113725490868,1],"ix":4},"o":{"a":0,"k":100,"ix":5},"r":1,"bm":0,"nm":"Fill 1","mn":"ADBE Vector Graphic - Fill","hd":false},{"ty":"tr","p":{"a":0,"k":[194.728,402.771],"ix":2},"a":{"a":0,"k":[0,0],"ix":1},"s":{"a":0,"k":[100,100],"ix":3},"r":{"a":0,"k":0,"ix":6},"o":{"a":0,"k":100,"ix":7},"sk":{"a":0,"k":0,"ix":4},"sa":{"a":0,"k":0,"ix":5},"nm":"Transform"}],"nm":"Group 2","np":2,"cix":2,"bm":0,"ix":2,"mn":"ADBE Vector Group","hd":false},{"ty":"tr","p":{"a":0,"k":[194.728,402.771],"ix":2},"a":{"a":0,"k":[194.728,402.771],"ix":1},"s":{"a":0,"k":[100,100],"ix":3},"r":{"a":0,"k":0,"ix":6},"o":{"a":0,"k":100,"ix":7},"sk":{"a":0,"k":0,"ix":4},"sa":{"a":0,"k":0,"ix":5},"nm":"Transform"}],"nm":"Dot 6","np":2,"cix":2,"bm":0,"ix":5,"mn":"ADBE Vector Group","hd":false}],"ip":0,"op":300,"st":0,"ct":1,"bm":0},{"ddd":0,"ind":6,"ty":4,"nm":"Lines","sr":1,"ks":{"o":{"a":0,"k":100,"ix":11},"r":{"a":0,"k":0,"ix":10},"p":{"a":0,"k":[194.813,382.462,0],"ix":2,"l":2},"a":{"a":0,"k":[194.813,382.462,0],"ix":1,"l":2},"s":{"a":0,"k":[100,100,100],"ix":6,"l":2}},"ao":0,"shapes":[{"ty":"gr","it":[{"ind":0,"ty":"sh","ix":1,"ks":{"a":0,"k":{"i":[[-1.07,0],[-0.919,-0.402],[0,0],[0,0],[0,0]],"o":[[1.068,0],[0,0],[0,0],[0,0],[0.919,-0.403]],"v":[[0,25.949],[3,26.582],[3,-26.584],[-3,-26.584],[-3,26.584]],"c":true},"ix":2},"nm":"Path 1","mn":"ADBE Vector Shape - Group","hd":false},{"ty":"fl","c":{"a":0,"k":[0.423529416323,0.168627455831,0.75686275959,1],"ix":4},"o":{"a":0,"k":100,"ix":5},"r":1,"bm":0,"nm":"Fill 1","mn":"ADBE Vector Graphic - Fill","hd":false},{"ty":"tr","p":{"a":0,"k":[194.728,369.321],"ix":2},"a":{"a":0,"k":[0,0],"ix":1},"s":{"a":0,"k":[100,100],"ix":3},"r":{"a":0,"k":0,"ix":6},"o":{"a":0,"k":100,"ix":7},"sk":{"a":0,"k":0,"ix":4},"sa":{"a":0,"k":0,"ix":5},"nm":"Transform"}],"nm":"Group 1","np":2,"cix":2,"bm":0,"ix":1,"mn":"ADBE Vector Group","hd":false},{"ty":"gr","it":[{"ind":0,"ty":"sh","ix":1,"ks":{"a":0,"k":{"i":[[0,-1.463],[0,0],[-1.068,0],[-0.92,-0.402],[0,0],[2.791,1.965],[0,0],[0,1.463],[0,0],[0,0],[0,0],[-2.792,-1.965],[0,0]],"o":[[0,0],[0.92,-0.402],[1.068,0],[0,0],[0,-3.411],[0,0],[-1.195,-0.842],[0,0],[0,0],[0,0],[0,3.412],[0,0],[1.194,0.843]],"v":[[6.489,14.824],[6.489,39.725],[9.489,39.092],[12.489,39.725],[12.489,14.824],[8.033,6.236],[-4.579,-2.638],[-6.489,-6.317],[-6.489,-39.725],[-12.489,-39.725],[-12.489,-6.317],[-8.031,2.27],[4.579,11.143]],"c":true},"ix":2},"nm":"Path 1","mn":"ADBE Vector Shape - Group","hd":false},{"ty":"fl","c":{"a":0,"k":[0.423529416323,0.168627455831,0.75686275959,1],"ix":4},"o":{"a":0,"k":100,"ix":5},"r":1,"bm":0,"nm":"Fill 1","mn":"ADBE Vector Graphic - Fill","hd":false},{"ty":"tr","p":{"a":0,"k":[251.896,382.461],"ix":2},"a":{"a":0,"k":[0,0],"ix":1},"s":{"a":0,"k":[100,100],"ix":3},"r":{"a":0,"k":0,"ix":6},"o":{"a":0,"k":100,"ix":7},"sk":{"a":0,"k":0,"ix":4},"sa":{"a":0,"k":0,"ix":5},"nm":"Transform"}],"nm":"Group 2","np":2,"cix":2,"bm":0,"ix":2,"mn":"ADBE Vector Group","hd":false},{"ty":"gr","it":[{"ind":0,"ty":"sh","ix":1,"ks":{"a":0,"k":{"i":[[0,-1.377],[0,0],[-1.068,0],[-0.919,-0.402],[0,0],[2.513,2.004],[0,0],[0,1.377],[0,0],[0,0],[0,0],[-2.513,-2.004],[0,0]],"o":[[0,0],[0.919,-0.402],[1.068,0],[0,0],[0,-3.213],[0,0],[-1.077,-0.858],[0,0],[0,0],[0,0],[0,3.213],[0,0],[1.076,0.858]],"v":[[3.49,19.061],[3.49,33.594],[6.49,32.961],[9.49,33.594],[9.49,19.061],[5.537,10.853],[-1.796,5.003],[-3.49,1.485],[-3.49,-33.594],[-9.49,-33.594],[-9.49,1.485],[-5.537,9.693],[1.796,15.543]],"c":true},"ix":2},"nm":"Path 1","mn":"ADBE Vector Shape - Group","hd":false},{"ty":"fl","c":{"a":0,"k":[0.423529416323,0.168627455831,0.75686275959,1],"ix":4},"o":{"a":0,"k":100,"ix":5},"r":1,"bm":0,"nm":"Fill 1","mn":"ADBE Vector Graphic - Fill","hd":false},{"ty":"tr","p":{"a":0,"k":[224.729,376.331],"ix":2},"a":{"a":0,"k":[0,0],"ix":1},"s":{"a":0,"k":[100,100],"ix":3},"r":{"a":0,"k":0,"ix":6},"o":{"a":0,"k":100,"ix":7},"sk":{"a":0,"k":0,"ix":4},"sa":{"a":0,"k":0,"ix":5},"nm":"Transform"}],"nm":"Group 3","np":2,"cix":2,"bm":0,"ix":3,"mn":"ADBE Vector Group","hd":false},{"ty":"gr","it":[{"ind":0,"ty":"sh","ix":1,"ks":{"a":0,"k":{"i":[[0,0],[0,0],[1.195,-0.842],[0,0],[0,-3.413],[0,0],[-1.068,0],[-0.919,-0.402],[0,0],[-1.195,0.842],[0,0],[0,3.413],[0,0],[0,0]],"o":[[0,0],[0,1.463],[0,0],[-2.792,1.965],[0,0],[0.919,-0.402],[1.068,0],[0,0],[0,-1.463],[0,0],[2.792,-1.965],[0,0],[0,0],[0,0]],"v":[[6.489,-39.725],[6.489,-6.316],[4.578,-2.637],[-8.029,6.237],[-12.489,14.825],[-12.489,39.726],[-9.489,39.093],[-6.489,39.726],[-6.489,14.823],[-4.578,11.144],[8.029,2.27],[12.489,-6.318],[12.489,-39.726],[6.489,-39.726]],"c":true},"ix":2},"nm":"Path 1","mn":"ADBE Vector Shape - Group","hd":false},{"ty":"fl","c":{"a":0,"k":[0.423529416323,0.168627455831,0.75686275959,1],"ix":4},"o":{"a":0,"k":100,"ix":5},"r":1,"bm":0,"nm":"Fill 1","mn":"ADBE Vector Graphic - Fill","hd":false},{"ty":"tr","p":{"a":0,"k":[137.73,382.462],"ix":2},"a":{"a":0,"k":[0,0],"ix":1},"s":{"a":0,"k":[100,100],"ix":3},"r":{"a":0,"k":0,"ix":6},"o":{"a":0,"k":100,"ix":7},"sk":{"a":0,"k":0,"ix":4},"sa":{"a":0,"k":0,"ix":5},"nm":"Transform"}],"nm":"Group 4","np":2,"cix":2,"bm":0,"ix":4,"mn":"ADBE Vector Group","hd":false},{"ty":"gr","it":[{"ind":0,"ty":"sh","ix":1,"ks":{"a":0,"k":{"i":[[0,0],[0,0],[1.077,-0.859],[0,0],[0,-3.21],[0,0],[-1.068,0],[-0.919,-0.402],[0,0],[-1.076,0.859],[0,0],[0,3.213],[0,0]],"o":[[0,0],[0,1.377],[0,0],[-2.511,2.004],[0,0],[0.919,-0.402],[1.068,0],[0,0],[0,-1.376],[0,0],[2.513,-2.003],[0,0],[0,0]],"v":[[3.49,-33.594],[3.49,1.485],[1.796,5.003],[-5.539,10.854],[-9.49,19.061],[-9.49,33.594],[-6.49,32.961],[-3.49,33.594],[-3.49,19.061],[-1.796,15.543],[5.537,9.693],[9.49,1.485],[9.49,-33.594]],"c":true},"ix":2},"nm":"Path 1","mn":"ADBE Vector Shape - Group","hd":false},{"ty":"fl","c":{"a":0,"k":[0.423529416323,0.168627455831,0.75686275959,1],"ix":4},"o":{"a":0,"k":100,"ix":5},"r":1,"bm":0,"nm":"Fill 1","mn":"ADBE Vector Graphic - Fill","hd":false},{"ty":"tr","p":{"a":0,"k":[164.895,376.331],"ix":2},"a":{"a":0,"k":[0,0],"ix":1},"s":{"a":0,"k":[100,100],"ix":3},"r":{"a":0,"k":0,"ix":6},"o":{"a":0,"k":100,"ix":7},"sk":{"a":0,"k":0,"ix":4},"sa":{"a":0,"k":0,"ix":5},"nm":"Transform"}],"nm":"Group 5","np":2,"cix":2,"bm":0,"ix":5,"mn":"ADBE Vector Group","hd":false}],"ip":0,"op":300,"st":0,"ct":1,"bm":0}],"markers":[]}