{"v":"5.6.6","ip":0,"op":149,"fr":60,"w":33,"h":33,"layers":[{"ind":259,"nm":"surface720","ao":0,"ip":0,"op":720,"st":0,"ty":4,"ks":{"ty":"tr","o":{"k":100},"r":{"k":0},"p":{"a":0,"k":[16.5,16.5],"ix":2},"a":{"a":0,"k":[12.38,12.38],"ix":1},"s":{"a":0,"k":[100,100,100],"ix":6},"rx":{"a":0,"k":0,"ix":8},"ry":{"a":1,"k":[{"i":{"x":[0.67],"y":[1]},"o":{"x":[0.33],"y":[0]},"t":58,"s":[0]},{"t":107,"s":[360]}],"ix":9},"rz":{"a":0,"k":0,"ix":10},"or":{"a":0,"k":[0,0,0],"ix":7},"sk":{"k":0},"sa":{"k":0}},"shapes":[{"ty":"gr","hd":false,"nm":"surface720","it":[{"ty":"gr","hd":false,"it":[{"ty":"sh","ks":{"k":{"i":[[0,0],[-0.86,0],[0,0.49],[0.79,0.34],[0,0],[0,1.39],[-1.54,0],[-0.57,-0.99],[0,0],[0.5,0],[0,-0.41],[-0.74,-0.32],[0,0],[0,-1.43],[1.64,0],[0.51,0.99]],"o":[[0.37,0.6],[0.72,0],[0,-0.59],[0,0],[-1.25,-0.52],[0,-1.28],[1.1,0],[0,0],[-0.3,-0.52],[-0.51,0],[0,0.51],[0,0],[1.47,0.62],[0,1.54],[-1.61,0],[0,0]],"v":[[13.99,13.86],[15.62,15.04],[16.71,14.19],[15.53,13.06],[15.1,12.88],[13.02,10.3],[15.55,8.05],[18.02,9.41],[16.67,10.27],[15.55,9.54],[14.73,10.27],[15.79,11.3],[16.22,11.49],[18.52,14.17],[15.66,16.55],[12.63,14.76]],"c":true}}},{"ty":"sh","ks":{"k":{"i":[[0,0],[-0.59,0],[0,0.86],[0,0],[0,0],[0,0],[1.53,0],[0.41,0.86]],"o":[[0.27,0.48],[0.57,0],[0,0],[0,0],[0,0],[0,1.79],[-1.38,0],[0,0]],"v":[[7.78,13.91],[9.06,14.76],[9.95,13.68],[9.95,8.05],[11.74,8.05],[11.74,13.95],[9.16,16.55],[6.38,14.76]],"c":true}}},{"ty":"fl","o":{"k":100},"c":{"k":[0,0,0,1]}},{"ty":"tr","o":{"k":100},"r":{"k":0},"p":{"k":[0,0]},"a":{"k":[0,0]},"s":{"k":[100,100]},"sk":{"k":0},"sa":{"k":0},"hd":false}]},{"ty":"gr","hd":false,"it":[{"ty":"sh","ks":{"k":{"i":[[0,0],[6.84,0],[0,6.84],[-6.84,0],[0,-6.84]],"o":[[0,6.84],[-6.84,0],[0,-6.84],[6.84,0],[0,0]],"v":[[24.75,12.38],[12.38,24.75],[0,12.38],[12.38,0],[24.75,12.38]],"c":false}}},{"ty":"fl","o":{"k":100},"c":{"k":[1,0.84,0,1]}},{"ty":"tr","o":{"k":100},"r":{"k":0},"p":{"k":[0,0]},"a":{"k":[0,0]},"s":{"k":[100,100]},"sk":{"k":0},"sa":{"k":0},"hd":false}]},{"ty":"tr","o":{"k":100},"r":{"k":0},"p":{"k":[0,0]},"a":{"k":[0,0]},"s":{"k":[100,100]},"sk":{"k":0},"sa":{"k":0},"hd":false}]}]}],"meta":{"g":"LF SVG to Lottie"},"assets":[]}