{"v": "5.7.4", "fr": 30, "ip": 0, "op": 60, "w": 500, "h": 500, "nm": "PHP Icon Animation", "ddd": 0, "assets": [], "layers": [{"ddd": 0, "ind": 1, "ty": 4, "nm": "PHP Icon", "sr": 1, "ks": {"o": {"a": 0, "k": 100, "ix": 11}, "r": {"a": 1, "k": [{"t": 0, "s": 0}, {"t": 30, "s": 360}], "ix": 10}, "p": {"a": 0, "k": [250, 250, 0], "ix": 2}, "a": {"a": 0, "k": [0, 0, 0], "ix": 1}, "s": {"a": 1, "k": [{"t": 0, "s": [100, 100, 100]}, {"t": 30, "s": [110, 110, 100]}, {"t": 60, "s": [100, 100, 100]}], "ix": 6}}, "shapes": [{"ty": "gr", "it": [{"ty": "sh", "ks": {"a": 0, "k": {"i": [[0, 0]], "o": [[0, 0]], "v": [[0, 0]], "c": true}, "ix": 2}, "nm": "Path 1"}, {"ty": "st", "c": {"a": 0, "k": [0.13, 0.41, 0.78, 1], "ix": 3}, "o": {"a": 0, "k": 100, "ix": 4}, "w": {"a": 0, "k": 10, "ix": 5}, "lc": 2, "lj": 2, "ml": 10, "nm": "Stroke 1"}], "nm": "PHP Logo Shape"}]}]}